DATASET,MODEL_TYPE,ZETA,NUM_ZETA_MODELS,IMPLIMENTATION,ACCURACY,VALIDATOR_GAS,COORDINATOR_GAS,C_IPFS,C_BLOCKCHAIN,C_SYSTEM
THYROID,SGD,3,9,HiFlow3,0.9141467065868263,82958.0,42916.0,2526148.2,244978.3,835636.7
THYROID,SGD,2,6,HiFlow3,0.8789670658682635,83070.0,42916.0,2515553.8,236604.0,827062.18
THYROID,SGD,1,3,HiFlow3,0.8524700598802395,83014.0,42916.0,2585387.4,227480.3,829098.94
THYROID,SGD,5,9,HiFlow3,0.8559880239520957,83238.0,42916.0,2565507.9000000004,243790.40000000002,916259.66
THYROID,SGD,4,10,HiFlow3,0.8730538922155688,83014.0,42916.0,2980599.5999999996,268367.5,966073.3400000001
THYROID,SGD,0,4,HiFlow3,0.8977544910179642,83350.0,42916.0,2715526.3,238971.6,975006.68
